"PFT_final","PFT_name","TaxaName","TaxaLevel","Species","Genus","Family","maximum_height"
1,"emergent","Gluta","genus","NA","Gluta","Anacardiaceae",32
1,"emergent","Xylopia","genus","NA","Xylopia","Annonaceae",30
1,"emergent","Alstonia","genus","NA","Alstonia","Apocynaceae",38
1,"emergent","Alstonia iwahigensis","species","iwahigensis","Alstonia","Apocynaceae",38
1,"emergent","Parinari oblongifolia","species","oblongifolia","Parinari","Chrysobalanaceae",33
1,"emergent","Alangium","genus","NA","Alangium","Cornaceae",31
1,"emergent","Alangium javanicum","species","javanicum","Alangium","Cornaceae",31
1,"emergent","Dipterocarpus","genus","NA","Dipterocarpus","Dipterocarpaceae",35
1,"emergent","Dipterocarpus caudiferus","species","caudiferus","Dipterocarpus","Dipterocarpaceae",35
1,"emergent","Dipterocarpus kunstleri","species","kunstleri","Dipterocarpus","Dipterocarpaceae",30
1,"emergent","Dryobalanops lanceolata","species","lanceolata","Dryobalanops","Dipterocarpaceae",38
1,"emergent","Parashorea","genus","NA","Parashorea","Dipterocarpaceae",38
1,"emergent","Parashorea malaanonan","species","malaanonan","Parashorea","Dipterocarpaceae",35
1,"emergent","Parashorea tomentella","species","tomentella","Parashorea","Dipterocarpaceae",38
1,"emergent","Shorea","genus","NA","Shorea","Dipterocarpaceae",49
1,"emergent","Shorea agami","species","agami","Shorea","Dipterocarpaceae",35
1,"emergent","Shorea angustifolia","species","angustifolia","Shorea","Dipterocarpaceae",14
1,"emergent","Shorea argentifolia","species","argentifolia","Shorea","Dipterocarpaceae",40
1,"emergent","Shorea atrinervosa","species","atrinervosa","Shorea","Dipterocarpaceae",37
1,"emergent","Shorea beccariana","species","beccariana","Shorea","Dipterocarpaceae",18
1,"emergent","Shorea biawak","species","biawak","Shorea","Dipterocarpaceae",32
1,"emergent","Shorea bracteolata","species","bracteolata","Shorea","Dipterocarpaceae",19
1,"emergent","Shorea curtisii","species","curtisii","Shorea","Dipterocarpaceae",27
1,"emergent","Shorea faguetiana","species","faguetiana","Shorea","Dipterocarpaceae",20
1,"emergent","Shorea faguetioides","species","faguetioides","Shorea","Dipterocarpaceae",30
1,"emergent","Shorea falciferoides","species","falciferoides","Shorea","Dipterocarpaceae",24
1,"emergent","Shorea fallax","species","fallax","Shorea","Dipterocarpaceae",24
1,"emergent","Shorea foxworthyi","species","foxworthyi","Shorea","Dipterocarpaceae",41
1,"emergent","Shorea gibbosa","species","gibbosa","Shorea","Dipterocarpaceae",49
1,"emergent","Shorea hopeifolia","species","hopeifolia","Shorea","Dipterocarpaceae",8
1,"emergent","Shorea inappendiculata","species","inappendiculata","Shorea","Dipterocarpaceae",15
1,"emergent","Shorea johorensis","species","johorensis","Shorea","Dipterocarpaceae",37
1,"emergent","Shorea laevis","species","laevis","Shorea","Dipterocarpaceae",40
1,"emergent","Shorea leprosula","species","leprosula","Shorea","Dipterocarpaceae",25
1,"emergent","Shorea leptoderma","species","leptoderma","Shorea","Dipterocarpaceae",32
1,"emergent","Shorea macrophylla","species","macrophylla","Shorea","Dipterocarpaceae",22
1,"emergent","Shorea macroptera","species","macroptera","Shorea","Dipterocarpaceae",35
1,"emergent","Shorea obscura","species","obscura","Shorea","Dipterocarpaceae",23
1,"emergent","Shorea ovalis","species","ovalis","Shorea","Dipterocarpaceae",22
1,"emergent","Shorea ovata","species","ovata","Shorea","Dipterocarpaceae",38
1,"emergent","Shorea parvifolia","species","parvifolia","Shorea","Dipterocarpaceae",35
1,"emergent","Shorea parvistipulata","species","parvistipulata","Shorea","Dipterocarpaceae",35
1,"emergent","Shorea pauciflora","species","pauciflora","Shorea","Dipterocarpaceae",39
1,"emergent","Shorea pilosa","species","pilosa","Shorea","Dipterocarpaceae",11
1,"emergent","Shorea pinanga","species","pinanga","Shorea","Dipterocarpaceae",12
1,"emergent","Shorea platyclados","species","platyclados","Shorea","Dipterocarpaceae",33
1,"emergent","Shorea smithiana","species","smithiana","Shorea","Dipterocarpaceae",24
1,"emergent","Shorea superba","species","superba","Shorea","Dipterocarpaceae",37
1,"emergent","Shorea symingtonii","species","symingtonii","Shorea","Dipterocarpaceae",36
1,"emergent","Dialium","genus","NA","Dialium","Fabaceae",38
1,"emergent","Sindora","genus","NA","Sindora","Fabaceae",39
1,"emergent","Castanopsis","genus","NA","Castanopsis","Fagaceae",19
1,"emergent","Castanopsis hypophoenicea","species","hypophoenicea","Castanopsis","Fagaceae",9
1,"emergent","Castanopsis megacarpa","species","megacarpa","Castanopsis","Fagaceae",8
1,"emergent","Castanopsis motleyana","species","motleyana","Castanopsis","Fagaceae",17
1,"emergent","Lithocarpus","genus","NA","Lithocarpus","Fagaceae",32
1,"emergent","Duabanga moluccana","species","moluccana","Duabanga","Lythraceae",31
1,"emergent","Brownlowia peltata","species","peltata","Brownlowia","Malvaceae",28
1,"emergent","Heritiera","genus","NA","Heritiera","Malvaceae",29
1,"emergent","Heritiera simplicifolia","species","simplicifolia","Heritiera","Malvaceae",13
1,"emergent","Pentace","genus","NA","Pentace","Malvaceae",26
1,"emergent","Pentace adenophora","species","adenophora","Pentace","Malvaceae",24
1,"emergent","Pentace cf. adenophora","species","cf. adenophora","Pentace","Malvaceae",6
1,"emergent","Aglaia","genus","NA","Aglaia","Meliaceae",30
1,"emergent","Artocarpus","genus","NA","Artocarpus","Moraceae",23
1,"emergent","Artocarpus anisophyllus","species","anisophyllus","Artocarpus","Moraceae",19
1,"emergent","Artocarpus elasticus","species","elasticus","Artocarpus","Moraceae",23
1,"emergent","Artocarpus integer","species","integer","Artocarpus","Moraceae",12
1,"emergent","Artocarpus lamellosus","species","lamellosus","Artocarpus","Moraceae",9
1,"emergent","Artocarpus lanceifolius","species","lanceifolius","Artocarpus","Moraceae",8
1,"emergent","Artocarpus tamaran","species","tamaran","Artocarpus","Moraceae",9
1,"emergent","Parartocarpus bracteatus","species","bracteatus","Parartocarpus","Moraceae",9
1,"emergent","Neolamarckia cadamba","species","cadamba","Neolamarckia","Rubiaceae",34
2,"overstory","Gluta wallichii","species","wallichii","Gluta","Anacardiaceae",23
2,"overstory","Xylopia ferruginea","species","ferruginea","Xylopia","Annonaceae",23
2,"overstory","Xylopia sumatrana","species","sumatrana","Xylopia","Annonaceae",25
2,"overstory","Dacryodes","genus","NA","Dacryodes","Burseraceae",23
2,"overstory","Dacryodes rostrata","species","rostrata","Dacryodes","Burseraceae",23
2,"overstory","Santiria","genus","NA","Santiria","Burseraceae",23
2,"overstory","Santiria laevigata","species","laevigata","Santiria","Burseraceae",23
2,"overstory","Lophopetalum","genus","NA","Lophopetalum","Celastraceae",22
2,"overstory","Dillenia borneensis","species","borneensis","Dillenia","Dilleniaceae",23
2,"overstory","Hopea nervosa","species","nervosa","Hopea","Dipterocarpaceae",13
2,"overstory","Shorea xanthophylla","species","xanthophylla","Shorea","Dipterocarpaceae",9
2,"overstory","Vatica","genus","NA","Vatica","Dipterocarpaceae",27
2,"overstory","Vatica albiramis","species","albiramis","Vatica","Dipterocarpaceae",27
2,"overstory","Vatica dulitensis","species","dulitensis","Vatica","Dipterocarpaceae",21
2,"overstory","Diospyros","genus","NA","Diospyros","Ebenaceae",23
2,"overstory","Blumeodendron tokbrai","species","tokbrai","Blumeodendron","Euphorbiaceae",22
2,"overstory","Cassia javanica","species","javanica","Cassia","Fabaceae",21
2,"overstory","Cynometra","genus","NA","Cynometra","Fabaceae",25
2,"overstory","Sympetalandra borneensis","species","borneensis","Sympetalandra","Fabaceae",22
2,"overstory","Lithocarpus blumeanus","species","blumeanus","Lithocarpus","Fagaceae",23
2,"overstory","Lithocarpus echinifer","species","echinifer","Lithocarpus","Fagaceae",25
2,"overstory","Lithocarpus turbinatus","species","turbinatus","Lithocarpus","Fagaceae",21
2,"overstory","Quercus argentata","species","argentata","Quercus","Fagaceae",22
2,"overstory","Quercus elmeri","species","elmeri","Quercus","Fagaceae",24
2,"overstory","Eusideroxylon zwageri","species","zwageri","Eusideroxylon","Lauraceae",27
2,"overstory","Litsea","genus","NA","Litsea","Lauraceae",25
2,"overstory","Litsea angulata","species","angulata","Litsea","Lauraceae",25
2,"overstory","Barringtonia","genus","NA","Barringtonia","Lecythidaceae",23
2,"overstory","Durio","genus","NA","Durio","Malvaceae",24
2,"overstory","Durio graveolens","species","graveolens","Durio","Malvaceae",24
2,"overstory","Durio oxleyanus","species","oxleyanus","Durio","Malvaceae",22
2,"overstory","Microcos","genus","NA","Microcos","Malvaceae",23
2,"overstory","Pentace laxiflora","species","laxiflora","Pentace","Malvaceae",26
2,"overstory","Sterculia","genus","NA","Sterculia","Malvaceae",25
2,"overstory","Lansium","genus","NA","Lansium","Meliaceae",21
2,"overstory","Ficus","genus","NA","Ficus","Moraceae",24
2,"overstory","Syzygium","genus","NA","Syzygium","Myrtaceae",25
2,"overstory","Syzygium grande","species","grande","Syzygium","Myrtaceae",21
2,"overstory","Syzygium leucocladum","species","leucocladum","Syzygium","Myrtaceae",21
2,"overstory","Tristaniopsis","genus","NA","Tristaniopsis","Myrtaceae",23
2,"overstory","Tristaniopsis beccarii","species","beccarii","Tristaniopsis","Myrtaceae",23
2,"overstory","Tristaniopsis obovata","species","obovata","Tristaniopsis","Myrtaceae",23
2,"overstory","Tristaniopsis whiteana","species","whiteana","Tristaniopsis","Myrtaceae",22
2,"overstory","Ochanostachys amentacea","species","amentacea","Ochanostachys","Olacaceae",21
2,"overstory","Aporosa","genus","NA","Aporosa","Phyllanthaceae",21
2,"overstory","Baccaurea","genus","NA","Baccaurea","Phyllanthaceae",26
2,"overstory","Baccaurea minor","species","minor","Baccaurea","Phyllanthaceae",26
2,"overstory","Glochidion","genus","NA","Glochidion","Phyllanthaceae",21
2,"overstory","Glochidion glomerulatum","species","glomerulatum","Glochidion","Phyllanthaceae",21
2,"overstory","Xanthophyllum","genus","NA","Xanthophyllum","Polygalaceae",24
2,"overstory","Drypetes","genus","NA","Drypetes","Putranjivaceae",25
2,"overstory","Drypetes castilloi","species","castilloi","Drypetes","Putranjivaceae",25
2,"overstory","Carallia brachiata","species","brachiata","Carallia","Rhizophoraceae",22
2,"overstory","Nauclea","genus","NA","Nauclea","Rubiaceae",25
2,"overstory","Maclurodendron porteri","species","porteri","Maclurodendron","Rutaceae",23
2,"overstory","Nephelium","genus","NA","Nephelium","Sapindaceae",21
2,"overstory","Palaquium","genus","NA","Palaquium","Sapotaceae",22
2,"overstory","Palaquium beccarianum","species","beccarianum","Palaquium","Sapotaceae",8
2,"overstory","Palaquium dasyphyllum","species","dasyphyllum","Palaquium","Sapotaceae",15
2,"overstory","Palaquium eriocalyx","species","eriocalyx","Palaquium","Sapotaceae",15
2,"overstory","Palaquium hexandrum","species","hexandrum","Palaquium","Sapotaceae",13
2,"overstory","Palaquium sericeum","species","sericeum","Palaquium","Sapotaceae",16
2,"overstory","Palaquium walsurifolium","species","walsurifolium","Palaquium","Sapotaceae",22
2,"overstory","Payena","genus","NA","Payena","Sapotaceae",22
2,"overstory","Payena acuminata","species","acuminata","Payena","Sapotaceae",22
2,"overstory","Payena ferruginea","species","ferruginea","Payena","Sapotaceae",13
2,"overstory","Octomeles sumatrana","species","sumatrana","Octomeles","Tetramelaceae",27
3,"pioneer","Buchanania","genus","NA","Buchanania","Anacardiaceae",17
3,"pioneer","Buchanania sessifolia","species","sessifolia","Buchanania","Anacardiaceae",17
3,"pioneer","Cyathocalyx magnifructus","species","magnifructus","Cyathocalyx","Annonaceae",17
3,"pioneer","Meiogyne virgata","species","virgata","Meiogyne","Annonaceae",20
3,"pioneer","Trema","genus","NA","Trema","Cannabaceae",19
3,"pioneer","Trema tomentosum","species","tomentosum","Trema","Cannabaceae",19
3,"pioneer","Dipterocarpus applanatus","species","applanatus","Dipterocarpus","Dipterocarpaceae",20
3,"pioneer","Dryobalanops keithii","species","keithii","Dryobalanops","Dipterocarpaceae",20
3,"pioneer","Hopea","genus","NA","Hopea","Dipterocarpaceae",19
3,"pioneer","Hopea dryobalanoides","species","dryobalanoides","Hopea","Dipterocarpaceae",19
3,"pioneer","Hopea ferruginea","species","ferruginea","Hopea","Dipterocarpaceae",17
3,"pioneer","Vatica sarawakensis","species","sarawakensis","Vatica","Dipterocarpaceae",18
3,"pioneer","Endospermum","genus","NA","Endospermum","Euphorbiaceae",19
3,"pioneer","Endospermum diadenum","species","diadenum","Endospermum","Euphorbiaceae",19
3,"pioneer","Hancea subpeltata","species","subpeltata","Hancea","Euphorbiaceae",17
3,"pioneer","Homalanthus populneus","species","populneus","Homalanthus","Euphorbiaceae",20
3,"pioneer","Macaranga","genus","NA","Macaranga","Euphorbiaceae",26
3,"pioneer","Macaranga brevipetiolata","species","brevipetiolata","Macaranga","Euphorbiaceae",7
3,"pioneer","Macaranga conifera","species","conifera","Macaranga","Euphorbiaceae",21
3,"pioneer","Macaranga gigantea","species","gigantea","Macaranga","Euphorbiaceae",23
3,"pioneer","Macaranga hypoleuca","species","hypoleuca","Macaranga","Euphorbiaceae",24
3,"pioneer","Macaranga indistincta (species complex bancana_velutina_indistincta)","species","indistincta (species complex bancana_velutina_indistincta)","Macaranga","Euphorbiaceae",12
3,"pioneer","Macaranga motleyana","species","motleyana","Macaranga","Euphorbiaceae",9
3,"pioneer","Macaranga pearsonii","species","pearsonii","Macaranga","Euphorbiaceae",26
3,"pioneer","Macaranga winkleri","species","winkleri","Macaranga","Euphorbiaceae",15
3,"pioneer","Lithocarpus urceolaris","species","urceolaris","Lithocarpus","Fagaceae",17
3,"pioneer","Callicarpa","genus","NA","Callicarpa","Lamiaceae",17
3,"pioneer","Teijsmanniodendron","genus","NA","Teijsmanniodendron","Lamiaceae",20
3,"pioneer","Teijsmanniodendron bogoriense","species","bogoriense","Teijsmanniodendron","Lamiaceae",20
3,"pioneer","Teijsmanniodendron simplicifolium","species","simplicifolium","Teijsmanniodendron","Lamiaceae",19
3,"pioneer","Actinodaphne sesquipedalis","species","sesquipedalis","Actinodaphne","Lauraceae",18
3,"pioneer","Beilschmiedia","genus","NA","Beilschmiedia","Lauraceae",17
3,"pioneer","Beilschmiedia lucidula","species","lucidula","Beilschmiedia","Lauraceae",17
3,"pioneer","Beilschmiedia micrantha","species","micrantha","Beilschmiedia","Lauraceae",17
3,"pioneer","Cinnamomum","genus","NA","Cinnamomum","Lauraceae",17
3,"pioneer","Cinnamomum javanicum","species","javanicum","Cinnamomum","Lauraceae",17
3,"pioneer","Litsea ficoidea","species","ficoidea","Litsea","Lauraceae",20
3,"pioneer","Pterospermum","genus","NA","Pterospermum","Malvaceae",17
3,"pioneer","Pterygota alata","species","alata","Pterygota","Malvaceae",17
3,"pioneer","Scaphium","genus","NA","Scaphium","Malvaceae",19
3,"pioneer","Scaphium macropodum","species","macropodum","Scaphium","Malvaceae",19
3,"pioneer","Chisocheton","genus","NA","Chisocheton","Meliaceae",20
3,"pioneer","Chisocheton ceramicus","species","ceramicus","Chisocheton","Meliaceae",20
3,"pioneer","Reinwardtiodendron humile","species","humile","Reinwardtiodendron","Meliaceae",18
3,"pioneer","Adinandra","genus","NA","Adinandra","Pentaphylacaceae",19
3,"pioneer","Trigonopleura malayana","species","malayana","Trigonopleura","Peraceae",18
3,"pioneer","Glochidion rubrum","species","rubrum","Glochidion","Phyllanthaceae",17
3,"pioneer","Ardisia","genus","NA","Ardisia","Primulaceae",18
3,"pioneer","Ardisia purpurea","species","purpurea","Ardisia","Primulaceae",18
3,"pioneer","Drypetes longifolia","species","longifolia","Drypetes","Putranjivaceae",18
3,"pioneer","Drypetes macrostigma","species","macrostigma","Drypetes","Putranjivaceae",17
3,"pioneer","Ziziphus","genus","NA","Ziziphus","Rhamnaceae",18
3,"pioneer","Melicope","genus","NA","Melicope","Rutaceae",18
3,"pioneer","Paranephelium","genus","NA","Paranephelium","Sapindaceae",18
4,"understory","Hydnocarpus","genus","NA","Hydnocarpus","Achariaceae",12
4,"understory","Hydnocarpus anomalus","species","anomalus","Hydnocarpus","Achariaceae",11
4,"understory","Hydnocarpus polypetalus","species","polypetalus","Hydnocarpus","Achariaceae",12
4,"understory","Pangium edule","species","edule","Pangium","Achariaceae",8
4,"understory","Ryparosa","genus","NA","Ryparosa","Achariaceae",7
4,"understory","Trichadenia philippinensis","species","philippinensis","Trichadenia","Achariaceae",11
4,"understory","Saurauia","genus","NA","Saurauia","Actinidiaceae",3
4,"understory","Gluta macrocarpa","species","macrocarpa","Gluta","Anacardiaceae",12
4,"understory","Gluta speciosa","species","speciosa","Gluta","Anacardiaceae",10
4,"understory","Koordersiodendron pinnatum","species","pinnatum","Koordersiodendron","Anacardiaceae",10
4,"understory","Mangifera decandra","species","decandra","Mangifera","Anacardiaceae",12
4,"understory","Melanochyla fulvinervis","species","fulvinervis","Melanochyla","Anacardiaceae",15
4,"understory","Parishia","genus","NA","Parishia","Anacardiaceae",10
4,"understory","Semecarpus","genus","NA","Semecarpus","Anacardiaceae",11
4,"understory","Semecarpus bunburyanus","species","bunburyanus","Semecarpus","Anacardiaceae",11
4,"understory","Semecarpus heterophyllus","species","heterophyllus","Semecarpus","Anacardiaceae",4
4,"understory","Semecarpus nigroviridis","species","nigroviridis","Semecarpus","Anacardiaceae",11
4,"understory","Swintonia","genus","NA","Swintonia","Anacardiaceae",11
4,"understory","Anisophyllea corneri","species","corneri","Anisophyllea","Anisophylleaceae",9
4,"understory","Alphonsea javanica","species","javanica","Alphonsea","Annonaceae",9
4,"understory","Friesodielsia","genus","NA","Friesodielsia","Annonaceae",10
4,"understory","Goniothalamus","genus","NA","Goniothalamus","Annonaceae",13
4,"understory","Goniothalamus malayanus","species","malayanus","Goniothalamus","Annonaceae",8
4,"understory","Huberantha rumphii","species","rumphii","Huberantha","Annonaceae",14
4,"understory","Maasia glauca","species","glauca","Maasia","Annonaceae",13
4,"understory","Marsypopetalum pallidum","species","pallidum","Marsypopetalum","Annonaceae",13
4,"understory","Monoon grandiflorum","species","grandiflorum","Monoon","Annonaceae",10
4,"understory","Neo-uvaria acuminatissima","species","acuminatissima","Neo-uvaria","Annonaceae",12
4,"understory","Orophea","genus","NA","Orophea","Annonaceae",9
4,"understory","Orophea myriantha","species","myriantha","Orophea","Annonaceae",9
4,"understory","Phaeanthus splendens","species","splendens","Phaeanthus","Annonaceae",9
4,"understory","Polyalthia","genus","NA","Polyalthia","Annonaceae",16
4,"understory","Polyalthia cauliflora","species","cauliflora","Polyalthia","Annonaceae",11
4,"understory","Popowia hirta","species","hirta","Popowia","Annonaceae",9
4,"understory","Pseuduvaria reticulata","species","reticulata","Pseuduvaria","Annonaceae",8
4,"understory","Sageraea","genus","NA","Sageraea","Annonaceae",10
4,"understory","Sageraea lanceolata","species","lanceolata","Sageraea","Annonaceae",10
4,"understory","Stelechocarpus cauliflorus","species","cauliflorus","Stelechocarpus","Annonaceae",12
4,"understory","Strobocalyx arborea","species","arborea","Strobocalyx","Asteraceae",15
4,"understory","Canarium","genus","NA","Canarium","Burseraceae",15
4,"understory","Canarium denticulatum","species","denticulatum","Canarium","Burseraceae",12
4,"understory","Canarium latistipulatum","species","latistipulatum","Canarium","Burseraceae",14
4,"understory","Canarium odontophyllum","species","odontophyllum","Canarium","Burseraceae",8
4,"understory","Canarium pilosum","species","pilosum","Canarium","Burseraceae",15
4,"understory","Dacryodes laxa","species","laxa","Dacryodes","Burseraceae",12
4,"understory","Dacryodes rubiginosa","species","rubiginosa","Dacryodes","Burseraceae",13
4,"understory","Dacryodes rugosa","species","rugosa","Dacryodes","Burseraceae",15
4,"understory","Santiria grandiflora","species","grandiflora","Santiria","Burseraceae",14
4,"understory","Calophyllum","genus","NA","Calophyllum","Calophyllaceae",14
4,"understory","Calophyllum soulattri","species","soulattri","Calophyllum","Calophyllaceae",14
4,"understory","Kayea","genus","NA","Kayea","Calophyllaceae",9
4,"understory","Gironniera nervosa","species","nervosa","Gironniera","Cannabaceae",14
4,"understory","Gironniera subaequalis","species","subaequalis","Gironniera","Cannabaceae",9
4,"understory","Kokoona","genus","NA","Kokoona","Celastraceae",8
4,"understory","Lophopetalum beccarianum","species","beccarianum","Lophopetalum","Celastraceae",14
4,"understory","Atuna","genus","NA","Atuna","Chrysobalanaceae",12
4,"understory","Atuna excelsa subsp. racemosa","species","excelsa subsp. racemosa","Atuna","Chrysobalanaceae",12
4,"understory","Maranthes corymbosa","species","corymbosa","Maranthes","Chrysobalanaceae",11
4,"understory","Garcinia","genus","NA","Garcinia","Clusiaceae",10
4,"understory","Garcinia parvifolia","species","parvifolia","Garcinia","Clusiaceae",7
4,"understory","Terminalia subspathulata","species","subspathulata","Terminalia","Combretaceae",9
4,"understory","Crypteronia","genus","NA","Crypteronia","Crypteroniaceae",16
4,"understory","Crypteronia griffithii","species","griffithii","Crypteronia","Crypteroniaceae",11
4,"understory","Dillenia excelsa","species","excelsa","Dillenia","Dilleniaceae",15
4,"understory","Anisoptera","genus","NA","Anisoptera","Dipterocarpaceae",9
4,"understory","Anisoptera costata","species","costata","Anisoptera","Dipterocarpaceae",9
4,"understory","Dipterocarpus cf. caudiferus","species","cf. caudiferus","Dipterocarpus","Dipterocarpaceae",12
4,"understory","Dipterocarpus confertus","species","confertus","Dipterocarpus","Dipterocarpaceae",8
4,"understory","Dipterocarpus conformis","species","conformis","Dipterocarpus","Dipterocarpaceae",7
4,"understory","Hopea sangal","species","sangal","Hopea","Dipterocarpaceae",13
4,"understory","Vatica rassak","species","rassak","Vatica","Dipterocarpaceae",12
4,"understory","Diospyros curranii","species","curranii","Diospyros","Ebenaceae",9
4,"understory","Diospyros foxworthyi","species","foxworthyi","Diospyros","Ebenaceae",14
4,"understory","Diospyros sumatrana","species","sumatrana","Diospyros","Ebenaceae",12
4,"understory","Diospyros toposia","species","toposia","Diospyros","Ebenaceae",15
4,"understory","Elaeocarpus","genus","NA","Elaeocarpus","Elaeocarpaceae",15
4,"understory","Elaeocarpus stipularis","species","stipularis","Elaeocarpus","Elaeocarpaceae",15
4,"understory","Sloanea javanica","species","javanica","Sloanea","Elaeocarpaceae",7
4,"understory","Blumeodendron kurzii","species","kurzii","Blumeodendron","Euphorbiaceae",8
4,"understory","Claoxylon longifolium","species","longifolium","Claoxylon","Euphorbiaceae",9
4,"understory","Croton griffithii","species","griffithii","Croton","Euphorbiaceae",9
4,"understory","Croton oblongus","species","oblongus","Croton","Euphorbiaceae",10
4,"understory","Hancea eucausta","species","eucausta","Hancea","Euphorbiaceae",12
4,"understory","Hancea penangensis","species","penangensis","Hancea","Euphorbiaceae",10
4,"understory","Hancea stipularis","species","stipularis","Hancea","Euphorbiaceae",7
4,"understory","Koilodepas","genus","NA","Koilodepas","Euphorbiaceae",16
4,"understory","Koilodepas longifolium","species","longifolium","Koilodepas","Euphorbiaceae",9
4,"understory","Mallotus","genus","NA","Mallotus","Euphorbiaceae",16
4,"understory","Mallotus korthalsii","species","korthalsii","Mallotus","Euphorbiaceae",8
4,"understory","Mallotus lackeyi","species","lackeyi","Mallotus","Euphorbiaceae",14
4,"understory","Mallotus leucodermis","species","leucodermis","Mallotus","Euphorbiaceae",8
4,"understory","Mallotus macrostachyus","species","macrostachyus","Mallotus","Euphorbiaceae",6
4,"understory","Mallotus muticus","species","muticus","Mallotus","Euphorbiaceae",14
4,"understory","Mallotus paniculatus","species","paniculatus","Mallotus","Euphorbiaceae",11
4,"understory","Mallotus wrayi","species","wrayi","Mallotus","Euphorbiaceae",14
4,"understory","Neoscortechinia forbesii","species","forbesii","Neoscortechinia","Euphorbiaceae",11
4,"understory","Neoscortechinia philippinensis","species","philippinensis","Neoscortechinia","Euphorbiaceae",14
4,"understory","Paracroton pendulus","species","pendulus","Paracroton","Euphorbiaceae",9
4,"understory","Ptychopyxis bacciformis","species","bacciformis","Ptychopyxis","Euphorbiaceae",7
4,"understory","Sumbaviopsis albicans","species","albicans","Sumbaviopsis","Euphorbiaceae",7
4,"understory","Tritaxis muricata","species","muricata","Tritaxis","Euphorbiaceae",4
4,"understory","Archidendron contortum","species","contortum","Archidendron","Fabaceae",10
4,"understory","Archidendron ellipticum","species","ellipticum","Archidendron","Fabaceae",8
4,"understory","Koompassia excelsa","species","excelsa","Koompassia","Fabaceae",11
4,"understory","Saraca declinata","species","declinata","Saraca","Fabaceae",16
4,"understory","Lithocarpus bancanus","species","bancanus","Lithocarpus","Fagaceae",14
4,"understory","Lithocarpus conocarpus","species","conocarpus","Lithocarpus","Fagaceae",12
4,"understory","Lithocarpus gracilis","species","gracilis","Lithocarpus","Fagaceae",7
4,"understory","Lithocarpus leptogyne","species","leptogyne","Lithocarpus","Fagaceae",14
4,"understory","Lithocarpus nieuwenhuisii","species","nieuwenhuisii","Lithocarpus","Fagaceae",9
4,"understory","Cratoxylum","genus","NA","Cratoxylum","Hypericaceae",14
4,"understory","Cratoxylum arborescens","species","arborescens","Cratoxylum","Hypericaceae",14
4,"understory","Cratoxylum cochinchinense","species","cochinchinense","Cratoxylum","Hypericaceae",12
4,"understory","Cratoxylum sumatranum","species","sumatranum","Cratoxylum","Hypericaceae",11
4,"understory","Callicarpa glabrifolia","species","glabrifolia","Callicarpa","Lamiaceae",11
4,"understory","Callicarpa pentandra","species","pentandra","Callicarpa","Lamiaceae",8
4,"understory","Teijsmanniodendron holophyllum","species","holophyllum","Teijsmanniodendron","Lamiaceae",9
4,"understory","Teijsmanniodendron simplicioides","species","simplicioides","Teijsmanniodendron","Lamiaceae",3
4,"understory","Vitex","genus","NA","Vitex","Lamiaceae",15
4,"understory","Vitex pinnata","species","pinnata","Vitex","Lamiaceae",7
4,"understory","Alseodaphne insignis","species","insignis","Alseodaphne","Lauraceae",8
4,"understory","Beilschmiedia glabra","species","glabra","Beilschmiedia","Lauraceae",8
4,"understory","Caryodaphnopsis tonkinensis","species","tonkinensis","Caryodaphnopsis","Lauraceae",10
4,"understory","Cinnamomum racemosum","species","racemosum","Cinnamomum","Lauraceae",10
4,"understory","Cryptocarya cagayanensis","species","cagayanensis","Cryptocarya","Lauraceae",14
4,"understory","Cryptocarya diversifolia","species","diversifolia","Cryptocarya","Lauraceae",10
4,"understory","Cryptocarya ferrea","species","ferrea","Cryptocarya","Lauraceae",5
4,"understory","Cryptocarya ferrea var. ferrea","species","ferrea var. ferrea","Cryptocarya","Lauraceae",12
4,"understory","Dehaasia","genus","NA","Dehaasia","Lauraceae",13
4,"understory","Dehaasia brachybotrys","species","brachybotrys","Dehaasia","Lauraceae",9
4,"understory","Dehaasia caesia","species","caesia","Dehaasia","Lauraceae",12
4,"understory","Dehaasia titanophylla","species","titanophylla","Dehaasia","Lauraceae",13
4,"understory","Endiandra kingiana","species","kingiana","Endiandra","Lauraceae",15
4,"understory","Endiandra macrophylla","species","macrophylla","Endiandra","Lauraceae",5
4,"understory","Lindera lucida","species","lucida","Lindera","Lauraceae",12
4,"understory","Litsea accedens","species","accedens","Litsea","Lauraceae",13
4,"understory","Litsea castanea","species","castanea","Litsea","Lauraceae",14
4,"understory","Litsea erectinervia","species","erectinervia","Litsea","Lauraceae",11
4,"understory","Litsea grandis","species","grandis","Litsea","Lauraceae",15
4,"understory","Litsea umbellata","species","umbellata","Litsea","Lauraceae",9
4,"understory","Neolitsea","genus","NA","Neolitsea","Lauraceae",7
4,"understory","Nothaphoebe umbelliflora","species","umbelliflora","Nothaphoebe","Lauraceae",9
4,"understory","Barringtonia lanceolata","species","lanceolata","Barringtonia","Lecythidaceae",11
4,"understory","Planchonia","genus","NA","Planchonia","Lecythidaceae",14
4,"understory","Planchonia brevistipitata","species","brevistipitata","Planchonia","Lecythidaceae",14
4,"understory","Magnolia","genus","NA","Magnolia","Magnoliaceae",13
4,"understory","Magnolia liliifera","species","liliifera","Magnolia","Magnoliaceae",13
4,"understory","Boschia grandiflora","species","grandiflora","Boschia","Malvaceae",10
4,"understory","Diplodiscus parviflorus","species","parviflorus","Diplodiscus","Malvaceae",10
4,"understory","Durio kutejensis","species","kutejensis","Durio","Malvaceae",9
4,"understory","Firmiana malayana","species","malayana","Firmiana","Malvaceae",8
4,"understory","Microcos antidesmifolia","species","antidesmifolia","Microcos","Malvaceae",12
4,"understory","Microcos cinnamomifolia","species","cinnamomifolia","Microcos","Malvaceae",4
4,"understory","Microcos crassifolia","species","crassifolia","Microcos","Malvaceae",8
4,"understory","Microcos fibrocarpa","species","fibrocarpa","Microcos","Malvaceae",9
4,"understory","Pterospermum elongatum","species","elongatum","Pterospermum","Malvaceae",8
4,"understory","Pterospermum javanicum","species","javanicum","Pterospermum","Malvaceae",11
4,"understory","Sterculia cf. cordata","species","cf. cordata","Sterculia","Malvaceae",7
4,"understory","Sterculia rubiginosa","species","rubiginosa","Sterculia","Malvaceae",11
4,"understory","Sterculia stipulata","species","stipulata","Sterculia","Malvaceae",14
4,"understory","Memecylon calyptratum","species","calyptratum","Memecylon","Melastomataceae",5
4,"understory","Memecylon oleifolium","species","oleifolium","Memecylon","Melastomataceae",9
4,"understory","Memecylon paniculatum","species","paniculatum","Memecylon","Melastomataceae",9
4,"understory","Pternandra","genus","NA","Pternandra","Melastomataceae",10
4,"understory","Pternandra coerulescens","species","coerulescens","Pternandra","Melastomataceae",8
4,"understory","Aglaia argentea","species","argentea","Aglaia","Meliaceae",12
4,"understory","Aglaia cumingiana","species","cumingiana","Aglaia","Meliaceae",5
4,"understory","Aglaia elliptica","species","elliptica","Aglaia","Meliaceae",10
4,"understory","Aglaia macrocarpa","species","macrocarpa","Aglaia","Meliaceae",9
4,"understory","Aglaia odoratissima","species","odoratissima","Aglaia","Meliaceae",10
4,"understory","Aglaia palembanica","species","palembanica","Aglaia","Meliaceae",15
4,"understory","Aglaia silvestris","species","silvestris","Aglaia","Meliaceae",13
4,"understory","Aglaia tomentosa","species","tomentosa","Aglaia","Meliaceae",11
4,"understory","Chisocheton macranthus","species","macranthus","Chisocheton","Meliaceae",9
4,"understory","Chisocheton patens","species","patens","Chisocheton","Meliaceae",12
4,"understory","Chisocheton pentandrus","species","pentandrus","Chisocheton","Meliaceae",11
4,"understory","Chisocheton sarawakanus","species","sarawakanus","Chisocheton","Meliaceae",9
4,"understory","Dysoxylum arborescens","species","arborescens","Dysoxylum","Meliaceae",10
4,"understory","Dysoxylum cyrtobotryum","species","cyrtobotryum","Dysoxylum","Meliaceae",15
4,"understory","Dysoxylum densiflorum","species","densiflorum","Dysoxylum","Meliaceae",14
4,"understory","Dysoxylum flavescens","species","flavescens","Dysoxylum","Meliaceae",16
4,"understory","Dysoxylum rugulosum","species","rugulosum","Dysoxylum","Meliaceae",9
4,"understory","Walsura pinnata","species","pinnata","Walsura","Meliaceae",7
4,"understory","Ficus beccarii","species","beccarii","Ficus","Moraceae",7
4,"understory","Ficus leptogramma","species","leptogramma","Ficus","Moraceae",7
4,"understory","Ficus treubii","species","treubii","Ficus","Moraceae",7
4,"understory","Ficus uncinata","species","uncinata","Ficus","Moraceae",4
4,"understory","Ficus variegata","species","variegata","Ficus","Moraceae",7
4,"understory","Prainea scandens","species","scandens","Prainea","Moraceae",7
4,"understory","Taxotrophis macrophylla","species","macrophylla","Taxotrophis","Moraceae",7
4,"understory","Horsfieldia crassifolia","species","crassifolia","Horsfieldia","Myristicaceae",16
4,"understory","Knema conferta","species","conferta","Knema","Myristicaceae",15
4,"understory","Knema elmeri","species","elmeri","Knema","Myristicaceae",10
4,"understory","Knema glomerata","species","glomerata","Knema","Myristicaceae",10
4,"understory","Knema latericia","species","latericia","Knema","Myristicaceae",8
4,"understory","Knema latifolia","species","latifolia","Knema","Myristicaceae",8
4,"understory","Knema laurina","species","laurina","Knema","Myristicaceae",8
4,"understory","Knema oblongata","species","oblongata","Knema","Myristicaceae",15
4,"understory","Knema pallens","species","pallens","Knema","Myristicaceae",9
4,"understory","Knema pulchra","species","pulchra","Knema","Myristicaceae",10
4,"understory","Myristica malaccensis","species","malaccensis","Myristica","Myristicaceae",8
4,"understory","Myristica maxima","species","maxima","Myristica","Myristicaceae",8
4,"understory","Myristica smythiesii","species","smythiesii","Myristica","Myristicaceae",14
4,"understory","Syzygium antisepticum","species","antisepticum","Syzygium","Myrtaceae",14
4,"understory","Syzygium borneense","species","borneense","Syzygium","Myrtaceae",5
4,"understory","Syzygium caudatilimbum","species","caudatilimbum","Syzygium","Myrtaceae",10
4,"understory","Syzygium cerasiforme","species","cerasiforme","Syzygium","Myrtaceae",9
4,"understory","Syzygium chloranthum","species","chloranthum","Syzygium","Myrtaceae",12
4,"understory","Syzygium dawsonianum","species","dawsonianum","Syzygium","Myrtaceae",13
4,"understory","Syzygium fastigiatum","species","fastigiatum","Syzygium","Myrtaceae",8
4,"understory","Syzygium hirtum","species","hirtum","Syzygium","Myrtaceae",13
4,"understory","Syzygium kunstleri","species","kunstleri","Syzygium","Myrtaceae",9
4,"understory","Syzygium leptostemon","species","leptostemon","Syzygium","Myrtaceae",7
4,"understory","Syzygium pustulatum","species","pustulatum","Syzygium","Myrtaceae",13
4,"understory","Syzygium pycnanthum","species","pycnanthum","Syzygium","Myrtaceae",13
4,"understory","Syzygium tawahense","species","tawahense","Syzygium","Myrtaceae",11
4,"understory","Syzygium tenuicaudatum","species","tenuicaudatum","Syzygium","Myrtaceae",5
4,"understory","Tristaniopsis merguensis","species","merguensis","Tristaniopsis","Myrtaceae",9
4,"understory","Strombosia javanica","species","javanica","Strombosia","Olacaceae",14
4,"understory","Chionanthus","genus","NA","Chionanthus","Oleaceae",11
4,"understory","Chionanthus curvicarpus","species","curvicarpus","Chionanthus","Oleaceae",11
4,"understory","Chionanthus macrocarpus","species","macrocarpus","Chionanthus","Oleaceae",10
4,"understory","Chionanthus pluriflorus","species","pluriflorus","Chionanthus","Oleaceae",9
4,"understory","Sarcotheca diversifolia","species","diversifolia","Sarcotheca","Oxalidaceae",12
4,"understory","Adinandra acuminata","species","acuminata","Adinandra","Pentaphylacaceae",9
4,"understory","Adinandra dumosa","species","dumosa","Adinandra","Pentaphylacaceae",10
4,"understory","Antidesma cuspidatum","species","cuspidatum","Antidesma","Phyllanthaceae",7
4,"understory","Antidesma leucopodum","species","leucopodum","Antidesma","Phyllanthaceae",12
4,"understory","Aporosa benthamiana","species","benthamiana","Aporosa","Phyllanthaceae",13
4,"understory","Aporosa confusa","species","confusa","Aporosa","Phyllanthaceae",10
4,"understory","Aporosa elmeri","species","elmeri","Aporosa","Phyllanthaceae",14
4,"understory","Aporosa falcifera","species","falcifera","Aporosa","Phyllanthaceae",11
4,"understory","Aporosa frutescens","species","frutescens","Aporosa","Phyllanthaceae",8
4,"understory","Aporosa grandistipula","species","grandistipula","Aporosa","Phyllanthaceae",12
4,"understory","Aporosa nervosa","species","nervosa","Aporosa","Phyllanthaceae",12
4,"understory","Aporosa nitida","species","nitida","Aporosa","Phyllanthaceae",14
4,"understory","Aporosa subcaudata","species","subcaudata","Aporosa","Phyllanthaceae",8
4,"understory","Baccaurea dulcis","species","dulcis","Baccaurea","Phyllanthaceae",12
4,"understory","Baccaurea edulis","species","edulis","Baccaurea","Phyllanthaceae",8
4,"understory","Baccaurea lanceolata","species","lanceolata","Baccaurea","Phyllanthaceae",9
4,"understory","Baccaurea macrocarpa","species","macrocarpa","Baccaurea","Phyllanthaceae",7
4,"understory","Baccaurea macrophylla","species","macrophylla","Baccaurea","Phyllanthaceae",16
4,"understory","Baccaurea odoratissima","species","odoratissima","Baccaurea","Phyllanthaceae",6
4,"understory","Baccaurea pubera","species","pubera","Baccaurea","Phyllanthaceae",7
4,"understory","Baccaurea tetrandra","species","tetrandra","Baccaurea","Phyllanthaceae",12
4,"understory","Cleistanthus","genus","NA","Cleistanthus","Phyllanthaceae",14
4,"understory","Cleistanthus hirsutulus","species","hirsutulus","Cleistanthus","Phyllanthaceae",5
4,"understory","Cleistanthus oblongifolius","species","oblongifolius","Cleistanthus","Phyllanthaceae",10
4,"understory","Cleistanthus pubens","species","pubens","Cleistanthus","Phyllanthaceae",14
4,"understory","Cleistanthus rufescens","species","rufescens","Cleistanthus","Phyllanthaceae",7
4,"understory","Cleistanthus vestitus","species","vestitus","Cleistanthus","Phyllanthaceae",11
4,"understory","Glochidion lutescens","species","lutescens","Glochidion","Phyllanthaceae",11
4,"understory","Glochidion obscurum","species","obscurum","Glochidion","Phyllanthaceae",8
4,"understory","Trigoniastrum hypoleucum","species","hypoleucum","Trigoniastrum","Polygalaceae",15
4,"understory","Xanthophyllum borneense","species","borneense","Xanthophyllum","Polygalaceae",15
4,"understory","Xanthophyllum flavescens","species","flavescens","Xanthophyllum","Polygalaceae",12
4,"understory","Ardisia macrophylla","species","macrophylla","Ardisia","Primulaceae",9
4,"understory","Ardisia serrata","species","serrata","Ardisia","Primulaceae",12
4,"understory","Helicia attenuata","species","attenuata","Helicia","Proteaceae",10
4,"understory","Drypetes crassipes","species","crassipes","Drypetes","Putranjivaceae",13
4,"understory","Prunus beccarii","species","beccarii","Prunus","Rosaceae",7
4,"understory","Prunus javanica","species","javanica","Prunus","Rosaceae",9
4,"understory","Gaertnera vaginans","species","vaginans","Gaertnera","Rubiaceae",7
4,"understory","Gardenia tubifera","species","tubifera","Gardenia","Rubiaceae",11
4,"understory","Ludekia borneensis","species","borneensis","Ludekia","Rubiaceae",6
4,"understory","Nauclea officinalis","species","officinalis","Nauclea","Rubiaceae",9
4,"understory","Nauclea orientalis","species","orientalis","Nauclea","Rubiaceae",7
4,"understory","Nauclea subdita","species","subdita","Nauclea","Rubiaceae",12
4,"understory","Neonauclea","genus","NA","Neonauclea","Rubiaceae",15
4,"understory","Praravinia","genus","NA","Praravinia","Rubiaceae",7
4,"understory","Ridsdalea schoemannii","species","schoemannii","Ridsdalea","Rubiaceae",7
4,"understory","Urophyllum griffithianum","species","griffithianum","Urophyllum","Rubiaceae",7
4,"understory","Urophyllum sandahanicum","species","sandahanicum","Urophyllum","Rubiaceae",13
4,"understory","Melicope lunu-ankenda","species","lunu-ankenda","Melicope","Rutaceae",9
4,"understory","Homalium","genus","NA","Homalium","Salicaceae",16
4,"understory","Dimocarpus","genus","NA","Dimocarpus","Sapindaceae",14
4,"understory","Dimocarpus longan","species","longan","Dimocarpus","Sapindaceae",14
4,"understory","Guioa","genus","NA","Guioa","Sapindaceae",16
4,"understory","Harpullia arborea","species","arborea","Harpullia","Sapindaceae",15
4,"understory","Lepisanthes","genus","NA","Lepisanthes","Sapindaceae",9
4,"understory","Nephelium cuspidatum","species","cuspidatum","Nephelium","Sapindaceae",9
4,"understory","Nephelium maingayi","species","maingayi","Nephelium","Sapindaceae",14
4,"understory","Nephelium ramboutan-ake","species","ramboutan-ake","Nephelium","Sapindaceae",15
4,"understory","Paranephelium xestophyllum","species","xestophyllum","Paranephelium","Sapindaceae",15
4,"understory","Pometia pinnata","species","pinnata","Pometia","Sapindaceae",15
4,"understory","Madhuca cf. elmeri","species","cf. elmeri","Madhuca","Sapotaceae",7
4,"understory","Madhuca elmeri","species","elmeri","Madhuca","Sapotaceae",7
4,"understory","Madhuca korthalsii","species","korthalsii","Madhuca","Sapotaceae",12
4,"understory","Madhuca mindanaensis","species","mindanaensis","Madhuca","Sapotaceae",8
4,"understory","Eurycoma longifolia","species","longifolia","Eurycoma","Simaroubaceae",10
4,"understory","Bruinsmia","genus","NA","Bruinsmia","Styracaceae",16
4,"understory","Symplocos","genus","NA","Symplocos","Symplocaceae",11
4,"understory","Symplocos cf. fasciculata","species","cf. fasciculata","Symplocos","Symplocaceae",7
4,"understory","Pyrenaria","genus","NA","Pyrenaria","Theaceae",11
4,"understory","Pyrenaria acuminata","species","acuminata","Pyrenaria","Theaceae",11
4,"understory","Gonystylus","genus","NA","Gonystylus","Thymelaeaceae",12
4,"understory","Phaleria capitata","species","capitata","Phaleria","Thymelaeaceae",9
4,"understory","Aralidium pinnatifidum","species","pinnatifidum","Aralidium","Torricelliaceae",7
4,"understory","Dendrocnide elliptica","species","elliptica","Dendrocnide","Urticaceae",14
4,"understory","Oreocnide trinervis","species","trinervis","Oreocnide","Urticaceae",6
4,"understory","Pipturus","genus","NA","Pipturus","Urticaceae",7
4,"understory","Rinorea","genus","NA","Rinorea","Violaceae",3
